id,value
flare,
flare.tohnann, 1
flare.folknik, 1
flare.movb666, 1
flare.mcsimest, 2
flare.doggydog, 1
flare.cogitum, 1
flare.oobab1n, 1
flare.yurkai, 2
flare.hvm000, 1
flare.shkelys, 1
flare.nchervyakov, 1
flare.algolx, 1
flare.dinaramukhtarova, 1
flare.glazacvetaneba, 1
flare.letfoolsdie, 2
flare.yerzhan, 1
flare.tohanyich, 1
flare.lexixx, 1
flare.artemzaika, 3
flare.askorn, 1
flare.zzzzzzerg, 1
flare.floatdrop, 1
flare.alekseyklementiev, 1
flare.ptaiga, 1
flare.ekoryagin, 1
flare.othosbro, 1
flare.raven8200, 1
flare.oleg67, 1
flare.teisintai, 3
flare.ilyenkov, 4
flare.alekseysyryh, 2
flare.sharlotik, 1
flare.nr10rd, 1
flare.bookoff, 1
flare.egorlitvinenko, 1
flare.mishacamry, 1
flare.boyukapavel, 2
flare.unlocker, 1
flare.dkatya, 1
flare.ransky, 1
flare.ribinalena, 1
flare.olegpolivin, 1
flare.sokolovdp, 1
flare.szhitansky, 1
flare.alexanderkuzmenko, 1
flare.frednavruzov, 1
flare.imanyakhin, 1
flare.rumatch, 4
flare.mingaliev, 1
flare.hydrophisspiralis, 3
flare.vzaigrin, 1
flare.vtrukhin, 1
flare.paulkov, 1
flare.chernobrovov, 1
flare.bessveta, 1
flare.katok888, 1
flare.deerslab, 1
flare.nikser88, 1
flare.martolodslaaf, 1
flare.mobiusone, 1
flare.urticazoku, 2
flare.ggofat, 1
flare.alexya, 1
flare.yaboma, 1
flare.dofollow, 1
flare.shse77, 1
flare.ashatilov, 2
flare.goodok, 1
flare.kinetik, 1
flare.pavelgorbunov, 1
flare.bendrup, 1
flare.innuendo, 1
flare.feuerengel, 1
flare.yanaredkina, 1
flare.fromrussiawithlove, 1
flare.octocat, 1
flare.feanolmo, 1
flare.kashnitsky, 1
flare.cerdgio, 1
flare.belov38, 1
flare.mertsalov, 1
flare.urtrial, 1
flare.zytanya, 1
flare.andruxab, 1
flare.alitvin, 1
flare.slobanov, 1
flare.quiethorror, 1
flare.vitaly87, 1
flare.seregqa, 1
flare.krotix, 1
flare.shakespear, 1
flare.tolytrader, 1
flare.makssh, 1
flare.strefil, 1
flare.kiramipt, 1
flare.yehudaitkin, 2
flare.valerykustov, 1
flare.vanaev, 3
flare.zaborrr, 1
flare.re9ulus, 1
flare.dlihhats, 1
flare.blackbeam, 1
flare.mirumir, 2
flare.atleast6characters, 1
flare.vadamoto, 4
flare.oftatin, 1
flare.treska2000, 1
flare.rivenhart, 1
flare.astarostin, 1
flare.mishex, 1
flare.sdil87, 4
flare.nikolay9, 1
flare.starostenkov, 1
flare.ekolonsky, 1
flare.wedoslaw, 1
flare.partobsmdp, 1
flare.sashulyak, 1
flare.sibirtsev, 2
flare.etuniy, 1
